[{"id":1,"nombre":"Alejandro Lopez","direccion":"2292 Av Independencia","email":"alftonic@gmail.com","telefono":"301 906 5161","website":"http://www.alftonic.com","dob":"05/03/1958","dias":["Lunes","Miercoles","Viernes"],"createdAt":"Mon Aug 27 2018 15:16:17 GMT+0200 (CEST)","updatedAt":"Mon Aug 27 2018 15:16:17 GMT+0200 (CEST)"},{"id":"2292","createdAt":"Thu Apr 04 2019 01:08:01 GMT-0400 (Eastern Daylight Time)","updatedAt":"Thu Apr 04 2019 01:08:01 GMT-0400 (Eastern Daylight Time)","nombre":"Daisy Arze","direccion":"8921 58th Ave","email":"daovidi@yahoo.com","telefono":"240 535 2308","website":"http://www.saltenasluz.com","dob":"07/14/1963","dias":"Martes,Jueves,Domingo"},{"id":"1998","createdAt":"Thu Apr 04 2019 01:12:17 GMT-0400 (Eastern Daylight Time)","updatedAt":"Thu Apr 04 2019 01:12:17 GMT-0400 (Eastern Daylight Time)","nombre":"Pablo Lopez","direccion":"5510 Cherrywood Lane","email":"pablo@yahoo.com","telefono":"301 313 0203","website":"http://www.infinito_wireless.com.com","dob":"12/04/1963","dias":"Martes,Jueves,Domingo"},{"id":"1998","createdAt":"Thu Apr 04 2019 12:26:25 GMT-0400 (Eastern Daylight Time)","updatedAt":"Thu Apr 04 2019 12:26:25 GMT-0400 (Eastern Daylight Time)","nombre":"Pablo Lopez","direccion":"5510 Cherrywood Lane","email":"pablo@yahoo.com","telefono":"301 313 0203","website":"http://www.infinito_wireless.com.com","dob":"12/04/1963","dias":"Martes,Jueves,Domingo"},{"id":"1998","createdAt":"Sat Apr 06 2019 14:33:29 GMT-0400 (Eastern Daylight Time)","updatedAt":"Sat Apr 06 2019 14:33:29 GMT-0400 (Eastern Daylight Time)","nombre":"Pablo Lopez","direccion":"5510 Cherrywood Lane","email":"pablo@yahoo.com","telefono":"301 313 0203","website":"http://www.infinito_wireless.com.com","dob":"12/04/1963","dias":"Martes,Jueves,Domingo"},{"id":"3165","createdAt":"Mon Apr 08 2019 10:16:05 GMT-0400 (Eastern Daylight Time)","updatedAt":"Mon Apr 08 2019 10:16:05 GMT-0400 (Eastern Daylight Time)","nombre":"Rhyana","direccion":"5510 Cherrywood Lane","email":"pablo@yahoo.com","telefono":"301 313 0203","website":"http://www.infinito_wireless.com.com","dob":"12/04/1963","dias":"Martes,Jueves,Domingo"},{"id":"22922293","createdAt":"Tue Sep 10 2019 00:44:07 GMT-0400 (Eastern Daylight Time)","updatedAt":"Tue Sep 10 2019 00:44:07 GMT-0400 (Eastern Daylight Time)","nombre":"Paul Lopez","direccion":"123 Main Ave","email":"user@yahoo.com","telefono":"202 202 0000","website":"www.yahoo.com","dob":"01/01/2019","dias":"Jousves, Viernes"}]